sl_atr_mult,tp1_atr_mult,tp2_atr_mult,tp3_atr_mult,trailing_activation_atr_mult,tr_n_trades,tr_winrate,tr_PF,tr_total_ret,tr_CAGR,tr_Sharpe,tr_Sortino,tr_MaxDD,tr_avg_bars
1.0,1.0,2.5,4.5,2.0,34,29.411764705882355,0.7945844146019192,-5.49943501360387,-2.745978351643086,-0.3389154425514986,-0.2785304456704257,-11.223022420141977,8.735294117647058
1.0,1.0,2.5,4.5,3.0,31,25.806451612903224,0.8621512284642785,-3.619705756765701,-1.798481311785327,-0.19890512940643193,-0.16937509720366808,-9.45714216202346,10.903225806451612
1.0,1.0,2.5,6.0,2.0,31,35.483870967741936,0.9683500621726785,-1.1083195066291185,-0.5471147310293412,-0.034357698527104595,-0.029717579318593743,-7.045656590738438,10.935483870967742
1.0,1.0,2.5,6.0,3.0,27,33.33333333333333,0.94782003977614,-1.3563522282451057,-0.6699801669481253,-0.044408521726308936,-0.039839548075600056,-6.999721884227697,14.703703703703704
1.0,1.0,2.5,8.0,2.0,30,36.666666666666664,0.9843949682065343,-0.7430821986872282,-0.3664753503067386,-0.009150942670155118,-0.00814705741351951,-7.904460753770428,11.9
1.0,1.0,2.5,8.0,3.0,26,34.61538461538461,0.953462316019094,-1.2002696615871389,-0.592644869154757,-0.03318554184527882,-0.030723341641772952,-8.068009501859391,16.0
1.0,1.0,3.5,4.5,2.0,34,29.411764705882355,0.8463629963074834,-4.287969635235034,-2.1342426883141585,-0.2445146183863756,-0.20690782515472322,-10.618333378747666,8.735294117647058
1.0,1.0,3.5,4.5,3.0,31,22.58064516129032,0.9046310964645006,-2.7545188634192863,-1.3655292833253285,-0.13277837955764482,-0.11555754031677686,-9.186304561218826,10.903225806451612
1.0,1.0,3.5,6.0,2.0,31,35.483870967741936,0.998259439853052,-0.501304658238888,-0.2470824070724409,0.0074960455911764175,0.006656847824567458,-6.942295186500279,10.935483870967742
1.0,1.0,3.5,6.0,3.0,27,25.925925925925924,0.9467745789302914,-1.482590094401004,-0.7325735650776322,-0.046732163053528016,-0.042505127894348516,-7.8600576771792126,14.703703703703704
1.0,1.0,3.5,8.0,2.0,30,36.666666666666664,1.019671147402463,-0.04827615907883054,-0.023766885079168354,0.036639679323720545,0.033448497070879664,-7.818523920365417,11.9
1.0,1.0,3.5,8.0,3.0,26,26.923076923076923,0.9516095818377328,-1.3332092252520966,-0.6585094235662781,-0.03643726309950996,-0.03427398629943893,-9.003566280334118,16.0
1.0,1.0,5.0,6.0,2.0,31,35.483870967741936,0.9372234421445624,-1.8137442275942939,-0.8969658222619192,-0.06822829574552092,-0.06103165940351724,-8.582890995209429,10.935483870967742
1.0,1.0,5.0,6.0,3.0,27,25.925925925925924,0.8748773427287097,-2.882543876889565,-1.4294712020936573,-0.11670567535919496,-0.10622309137294962,-9.578005568784691,14.703703703703704
1.0,1.0,5.0,8.0,2.0,30,36.666666666666664,0.9558723982023124,-1.364341125355406,-0.6739401513499055,-0.03913186536835464,-0.035965607842540034,-9.438130077030557,11.9
1.0,1.0,5.0,8.0,3.0,26,26.923076923076923,0.8761560020202898,-2.732968069151609,-1.3547699724204665,-0.10602777455571416,-0.09962801245532349,-10.69472851892533,16.0
1.0,1.5,2.5,4.5,2.0,34,29.411764705882355,0.8696526435206143,-3.6998859353627345,-1.8387043662968394,-0.2046070674589477,-0.17232124220642012,-9.284352805530025,8.735294117647058
1.0,1.5,2.5,4.5,3.0,31,25.806451612903224,0.9376607920193494,-1.9196409756311095,-0.9495947059300902,-0.08169428709717672,-0.07118538225911325,-8.693273774205982,10.903225806451612
1.0,1.5,2.5,6.0,2.0,31,35.483870967741936,1.0541133042004978,0.7065522105491606,0.3471791372235966,0.08323928455642048,0.07165045142416142,-6.679434172989092,10.935483870967742
1.0,1.5,2.5,6.0,3.0,27,33.33333333333333,1.0402712348583703,0.3212480424446884,0.1580058037814247,0.060547617387320916,0.05421953312057544,-6.679434172989092,14.703703703703704
1.0,1.5,2.5,8.0,2.0,30,36.666666666666664,1.0740138170504538,1.080861683588008,0.5306027929868229,0.10626508284926557,0.09654356175122691,-6.679434172989092,11.9
1.0,1.5,2.5,8.0,3.0,26,34.61538461538461,1.0509320775223119,0.48278962523773394,0.23736293571481326,0.06992914872890403,0.06597847306255608,-6.679434172989092,16.0
1.0,1.5,3.5,4.5,2.0,34,29.411764705882355,0.9217605781794904,-2.467736411754473,-1.222451109352718,-0.11717981076689765,-0.10145175158651311,-8.66746031740041,8.735294117647058
1.0,1.5,3.5,4.5,3.0,31,22.58064516129032,0.9789625298686411,-1.040954003725758,-0.5137715970331858,-0.022062391877073328,-0.01961654430955291,-8.478914291914416,10.903225806451612
1.0,1.5,3.5,6.0,2.0,31,35.483870967741936,1.083869947707642,1.323604099067488,0.6493700704493621,0.11979389056544157,0.10565350212822833,-6.674675003589549,10.935483870967742
1.0,1.5,3.5,6.0,3.0,27,25.925925925925924,1.034651222502357,0.19319460639402042,0.0950535764293603,0.05422195478998458,0.04921039376572994,-6.674675003589549,14.703703703703704
1.0,1.5,3.5,8.0,2.0,30,36.666666666666664,1.1091017457524324,1.7871539120347668,0.8757717317390501,0.1474936543315392,0.1372295154899931,-6.674675003589549,11.9
1.0,1.5,3.5,8.0,3.0,26,26.923076923076923,1.0441484082609978,0.3479470186490863,0.17112612083933776,0.06279615831818491,0.06012696478169823,-7.413846566761569,16.0
1.0,1.5,5.0,6.0,2.0,31,35.483870967741936,1.0231456342724505,-0.010387927539257102,-0.0051135991920858714,0.042241162299985646,0.03758566130943924,-6.864673413114677,10.935483870967742
1.0,1.5,5.0,6.0,3.0,27,25.925925925925924,0.961106303049251,-1.2279105700206738,-0.6063357767935207,-0.019595014262186863,-0.017829209478735557,-7.9987349079453525,14.703703703703704
1.0,1.5,5.0,8.0,2.0,30,36.666666666666664,1.0456434570648343,0.44944564479503235,0.22098804905155145,0.06844266461138261,0.06404242755363866,-7.733250503793097,11.9
1.0,1.5,5.0,8.0,3.0,26,26.923076923076923,0.9668710685666547,-1.0730025872737414,-0.529632880896802,-0.011728116474152084,-0.01120239780098056,-9.131678825099725,16.0
1.0,2.0,2.5,4.5,2.0,34,29.411764705882355,0.8135707853209951,-5.8199979106908994,-2.908513474884644,-0.309068774431118,-0.2509516089553557,-11.8229985193922,8.735294117647058
1.0,2.0,2.5,4.5,3.0,31,25.806451612903224,0.8632425033080888,-4.148091949406629,-2.0638645223681418,-0.1996942111608594,-0.1678838237992884,-11.018152560197642,10.903225806451612
1.0,2.0,2.5,6.0,2.0,31,35.483870967741936,1.025871615348338,0.083038067389829,0.040866931142158336,0.047886971580141546,0.04018686868393827,-7.687081542464358,10.935483870967742
1.0,2.0,2.5,6.0,3.0,27,33.33333333333333,1.0060069422533993,-0.3661658929737466,-0.18041327318919498,0.024583131201494423,0.021544091416680185,-7.111453682596267,14.703703703703704
1.0,2.0,2.5,8.0,2.0,30,36.666666666666664,1.042558576803219,0.4573765006152586,0.2248830610941832,0.06931137533118312,0.05969927107893346,-7.71069374508329,11.9
1.0,2.0,2.5,8.0,3.0,26,34.61538461538461,1.0139224665068483,-0.20295583288839625,-0.0999566745456093,0.034096428056980134,0.03073177899601639,-7.837394028376113,16.0
1.0,2.0,3.5,4.5,2.0,34,29.411764705882355,0.8586862438728455,-4.617298354068322,-2.300147896773863,-0.2273533540709895,-0.18904651519926613,-11.411251738759841,8.735294117647058
1.0,2.0,3.5,4.5,3.0,31,22.58064516129032,0.8992443098538642,-3.2910829439585676,-1.6338021948162695,-0.1412635687943626,-0.12113582803232363,-10.809600886359338,10.903225806451612
1.0,2.0,3.5,6.0,2.0,31,35.483870967741936,1.0525364676843174,0.6951778792320784,0.3415999351936483,0.08267071856169751,0.07090200425876166,-7.556549568733052,10.935483870967742
1.0,2.0,3.5,6.0,3.0,27,25.925925925925924,1.0021890095186883,-0.4930138911959481,-0.24299093053078424,0.020030972914971117,0.017801126273887562,-8.029164914176613,14.703703703703704
1.0,2.0,3.5,8.0,2.0,30,36.666666666666664,1.0738543791266606,1.158043715534851,0.5683815543156223,0.10792146491416965,0.09491613791435727,-7.576732945377349,11.9
1.0,2.0,3.5,8.0,3.0,26,26.923076923076923,1.009385662836074,-0.33652032395977693,-0.1657941195061241,0.028895699426210876,0.026455254842132098,-8.77125453028162,16.0
1.0,2.0,5.0,6.0,2.0,31,35.483870967741936,0.9981215653259857,-0.6280468293696884,-0.30965097214079584,0.012334344410532317,0.010712757242949867,-8.198564687912437,10.935483870967742
1.0,2.0,5.0,6.0,3.0,27,25.925925925925924,0.9352341843458037,-1.9017526802050266,-0.9407025026900939,-0.047417972525948794,-0.04245762424218885,-9.347973926584146,14.703703703703704
1.0,2.0,5.0,8.0,2.0,30,36.666666666666664,1.0172543422473475,-0.16889819310593746,-0.08317592934679041,0.03755599770151766,0.033434041109697464,-9.024654786502408,11.9
1.0,2.0,5.0,8.0,3.0,26,26.923076923076923,0.9393456139115539,-1.7451466958619544,-0.8628893953287919,-0.038239813493419636,-0.03523203610144211,-10.461078396830473,16.0
1.5,1.0,2.5,4.5,2.0,31,41.935483870967744,0.972592357618056,-1.2758729885867792,-0.6300968145001473,-0.030540007349669347,-0.026367682079238994,-11.822008853732612,11.32258064516129
1.5,1.0,2.5,4.5,3.0,26,34.61538461538461,1.0100631579467982,0.4336742529827742,0.2132419189259105,0.06790705533990206,0.06256658732497512,-9.87516947365995,15.615384615384615
1.5,1.0,2.5,6.0,2.0,29,41.37931034482759,0.8334461256423198,-4.799359000361026,-2.391989041452691,-0.2525258246844471,-0.2128768109787025,-12.400693625062676,12.758620689655173
1.5,1.0,2.5,6.0,3.0,23,39.130434782608695,0.8539770252818598,-2.78430216864316,-1.3804006976223082,-0.12306054735198495,-0.11113677149083748,-10.382606167538318,18.91304347826087
1.5,1.0,2.5,8.0,2.0,28,42.857142857142854,0.8562115579821467,-4.026478263434696,-2.0027180863978367,-0.20082695156989133,-0.17350201424798142,-12.162412608286582,13.821428571428571
1.5,1.0,2.5,8.0,3.0,22,36.36363636363637,0.8671915868856357,-2.322681718411923,-1.1501634506112413,-0.09326466708410737,-0.08649416560912104,-10.184579782277597,20.681818181818183
1.5,1.0,3.5,4.5,2.0,31,41.935483870967744,0.9896100646167341,-0.8705519437546716,-0.42948104578564017,-0.004251415166718151,-0.0037642523369423616,-11.741878355852462,11.32258064516129
1.5,1.0,3.5,4.5,3.0,26,34.61538461538461,1.0500018508717766,0.8087417357966142,0.39728958739784215,0.08892967379567215,0.08424538234725958,-10.01043753457551,15.615384615384615
1.5,1.0,3.5,6.0,2.0,29,41.37931034482759,0.8392235979117291,-4.686284780431249,-2.334937864036568,-0.2359260139961403,-0.20352761173576225,-12.385366395130122,12.758620689655173
1.5,1.0,3.5,6.0,3.0,23,34.78260869565217,0.8995090997770404,-2.5556500268680726,-1.2662892187881414,-0.1004809915888787,-0.09311327268453133,-10.190998525748332,18.91304347826087
1.5,1.0,3.5,8.0,2.0,28,42.857142857142854,0.8656415563101644,-3.83017370750508,-1.9041005948949197,-0.18100843953959647,-0.15986070928833312,-12.080448984682679,13.821428571428571
1.5,1.0,3.5,8.0,3.0,22,36.36363636363637,0.91259121140587,-2.153697400183474,-1.0660192229326126,-0.07566790909548865,-0.0719607427339214,-10.31227597828204,20.681818181818183
1.5,1.0,5.0,6.0,2.0,29,41.37931034482759,0.7889735559018041,-5.943522284166869,-2.97121904414821,-0.296011178490407,-0.2590434955538625,-13.62298210317091,12.758620689655173
1.5,1.0,5.0,6.0,3.0,23,34.78260869565217,0.8040984638544917,-4.621030558345662,-2.302029726509758,-0.20036138325472647,-0.18659476918316334,-12.177848003448316,18.91304347826087
1.5,1.0,5.0,8.0,2.0,28,42.857142857142854,0.8126268074525014,-5.0964424053605795,-2.5420455277738063,-0.24222697332863988,-0.21692222725051943,-13.625174152596346,13.821428571428571
1.5,1.0,5.0,8.0,3.0,22,36.36363636363637,0.8118377156140133,-4.225315400053454,-2.102712335754575,-0.1757006991023926,-0.167758602233616,-12.602828737786325,20.681818181818183
1.5,1.5,2.5,4.5,2.0,31,41.935483870967744,1.0659887104104286,1.1300448982477063,0.5546784941317329,0.10661385889736427,0.09419723093476652,-10.23578067976982,11.32258064516129
1.5,1.5,2.5,4.5,3.0,26,38.46153846153847,1.0949787312036126,2.5824874635220985,1.2630030998115993,0.1849237574399085,0.17393432558877517,-8.317358489232586,15.615384615384615
1.5,1.5,2.5,6.0,2.0,29,41.37931034482759,0.9108967653156234,-2.8911241013481304,-1.4337581133986865,-0.12507793636172382,-0.10570694845642348,-10.41464619524203,12.758620689655173
1.5,1.5,2.5,6.0,3.0,23,39.130434782608695,0.9282235882107733,-1.1204748355008953,-0.5531323434957991,-0.0196823107550225,-0.01779318796474404,-8.614278080018982,18.91304347826087
1.5,1.5,2.5,8.0,2.0,28,42.857142857142854,0.9378797660205461,-2.100456754381963,-1.0395238084491942,-0.07965762169934694,-0.07015621532445165,-10.667829460194545,13.821428571428571
1.5,1.5,2.5,8.0,3.0,22,40.909090909090914,0.9462779124944226,-0.6479175839543938,-0.3194642030551087,0.0066648621070423564,0.006284936018457861,-8.74893207286081,20.681818181818183
1.5,1.5,3.5,4.5,2.0,31,41.935483870967744,1.0831164781507898,1.5444346468472592,0.7572910300366775,0.12818174525520748,0.11600889108594531,-10.24254401955425,11.32258064516129
1.5,1.5,3.5,4.5,3.0,26,34.61538461538461,1.1319803806483981,2.9651253295283952,1.4487583747635036,0.20032782224117301,0.1934432166911351,-8.454196701705047,15.615384615384615
1.5,1.5,3.5,6.0,2.0,29,41.37931034482759,0.9166519051239488,-2.7760994735911093,-1.3763046931840273,-0.1128277645379313,-0.09743361366364266,-10.39873937296136,12.758620689655173
1.5,1.5,3.5,6.0,3.0,23,34.78260869565217,0.9697219159894128,-0.8882174139261512,-0.43821597223332454,-0.0024678324214234266,-0.0022862934523262767,-8.41875433791302,18.91304347826087
1.5,1.5,3.5,8.0,2.0,28,42.857142857142854,0.9472713159497234,-1.9006989008747532,-0.9401786986952265,-0.06373324938199981,-0.057323084888197644,-10.417673110676846,13.821428571428571
1.5,1.5,3.5,8.0,3.0,22,36.36363636363637,0.9869163798200851,-0.476193277918191,-0.2346905241408015,0.01952488574019532,0.018856643028477563,-8.877928394921138,20.681818181818183
1.5,1.5,5.0,6.0,2.0,29,41.37931034482759,0.8665961015379046,-4.05611620070081,-2.0176161884554844,-0.1758702021744108,-0.1540736082723218,-11.662292138491063,12.758620689655173
1.5,1.5,5.0,6.0,3.0,23,34.78260869565217,0.8737658294165312,-2.9851594058383446,-1.4807532949057456,-0.10515539248596173,-0.09800977312061157,-10.441422735726604,18.91304347826087
1.5,1.5,5.0,8.0,2.0,28,42.857142857142854,0.8944727211291262,-3.18994062782344,-1.5831750642697817,-0.12857883623005686,-0.11713828811027281,-11.9889830367233,13.821428571428571
1.5,1.5,5.0,8.0,3.0,22,36.36363636363637,0.8855464493030653,-2.579537876920046,-1.278204360488533,-0.08455054907371291,-0.08188505161330012,-11.20123659629577,20.681818181818183
1.5,2.0,2.5,4.5,2.0,31,41.935483870967744,0.9833685163620867,-1.2226122307908094,-0.6037112885814655,-0.013722803439151832,-0.011690484916211202,-12.544733549601386,11.32258064516129
1.5,2.0,2.5,4.5,3.0,26,38.46153846153847,1.0248433079488917,1.0420257135616673,0.5115879740167584,0.10095821010096034,0.09185675876208554,-9.907081228588929,15.615384615384615
1.5,2.0,2.5,6.0,2.0,29,41.37931034482759,0.8944505944032446,-3.6861926877274187,-1.8318338308413895,-0.1535531198035105,-0.12795023356753313,-11.855509277739314,12.758620689655173
1.5,2.0,2.5,6.0,3.0,23,39.130434782608695,0.9306040780694984,-1.0988415527914186,-0.5424228394074193,-0.011851044623989936,-0.010603404953010593,-9.121446096665082,18.91304347826087
1.5,2.0,2.5,8.0,2.0,28,42.857142857142854,0.9179119471554709,-2.8997308016357692,-1.4380584459607215,-0.10852737193701523,-0.09242254077950063,-12.279714206587235,13.821428571428571
1.5,2.0,2.5,8.0,3.0,22,40.909090909090914,0.9474527799852357,-0.6231550247595252,-0.30723529280487494,0.01419935603822464,0.013013703653090252,-9.588225998353794,20.681818181818183
1.5,2.0,3.5,4.5,2.0,31,41.935483870967744,0.9979752131931167,-0.8186493039074816,-0.4038216673465711,0.00912436109137938,0.007946220174911553,-12.255450713816554,11.32258064516129
1.5,2.0,3.5,4.5,3.0,26,34.61538461538461,1.060486709780872,1.4184712874914407,0.6957467430815267,0.11893947593556695,0.11105378474757734,-10.075225318730721,15.615384615384615
1.5,2.0,3.5,6.0,2.0,29,41.37931034482759,0.8996420515970047,-3.572421316089336,-1.7747686422048492,-0.14170785379475012,-0.12043609851014736,-11.644387958052395,12.758620689655173
1.5,2.0,3.5,6.0,3.0,23,34.78260869565217,0.9687632799526533,-0.8668403236205657,-0.4276458863726518,0.004034850064784701,0.0036949980609302926,-9.505529645309336,18.91304347826087
1.5,2.0,3.5,8.0,2.0,28,42.857142857142854,0.9263384257594042,-2.70208336770964,-1.339352785143899,-0.09341967477515954,-0.08108135363884361,-11.987423443770671,13.821428571428571
1.5,2.0,3.5,8.0,3.0,22,36.36363636363637,0.9848247999135386,-0.45154496848263115,-0.22252869975687428,0.02590204267019374,0.024289282706740835,-9.858793857584068,20.681818181818183
1.5,2.0,5.0,6.0,2.0,29,41.37931034482759,0.8544889240847262,-4.839565953921254,-2.4122836019644933,-0.2000736677698942,-0.17275991631313936,-13.100311714936563,12.758620689655173
1.5,2.0,5.0,6.0,3.0,23,34.78260869565217,0.8789300558908869,-2.960467138238976,-1.468410823137467,-0.09377133331959049,-0.08662879326017009,-11.1517429520238,18.91304347826087
1.5,2.0,5.0,8.0,2.0,28,42.857142857142854,0.8789653901126412,-3.97839001086584,-1.9785505334053322,-0.1525477957667697,-0.13447348744037263,-13.528624213087001,13.821428571428571
1.5,2.0,5.0,8.0,3.0,22,36.36363636363637,0.8902566604158691,-2.5516337289526847,-1.2642860548570556,-0.07197882647562728,-0.06803830543970452,-12.013435864030921,20.681818181818183
2.0,1.0,2.5,4.5,2.0,28,42.857142857142854,0.7831092413406937,-6.7541463453941075,-3.3837637399149467,-0.33418369802285963,-0.28056363692979136,-15.00956353951786,13.464285714285714
2.0,1.0,2.5,4.5,3.0,23,34.78260869565217,0.8821736468836608,-2.670716724515454,-1.3236975627250902,-0.10251120881936152,-0.09401340637293522,-11.125090227076258,18.956521739130434
2.0,1.0,2.5,6.0,2.0,27,44.44444444444444,0.7805735535814875,-6.785137606451852,-3.3995719537980307,-0.3363867800548748,-0.2879029830767868,-14.802808008151993,14.407407407407407
2.0,1.0,2.5,6.0,3.0,21,38.095238095238095,0.8656070507204656,-2.661330449485011,-1.3190133317200758,-0.10100927895654982,-0.09516835745338062,-10.602405192357521,21.952380952380953
2.0,1.0,2.5,8.0,2.0,26,46.15384615384615,0.817979238289251,-5.456169917084419,-2.7240630884527106,-0.25734488110158177,-0.22366639251733242,-14.842345244423946,15.576923076923077
2.0,1.0,2.5,8.0,3.0,20,45.0,0.9499253424846884,-0.7483093483939274,-0.3690582157014455,0.005236273157612428,0.005025850530572173,-10.183397073706008,24.1
2.0,1.0,3.5,4.5,2.0,28,42.857142857142854,0.7896304953313326,-6.6103616574079815,-3.310456034107123,-0.31510540859470126,-0.2703627830384728,-14.965082198357853,13.464285714285714
2.0,1.0,3.5,4.5,3.0,23,34.78260869565217,0.9174001883377678,-2.5628137594595923,-1.2698622975384266,-0.08863492056384276,-0.08339634635237107,-11.046039146982316,18.956521739130434
2.0,1.0,3.5,6.0,2.0,27,44.44444444444444,0.7871684957140361,-6.641073305547296,-3.326109356282614,-0.31724553306496894,-0.2772597821191415,-14.708072237036319,14.407407407407407
2.0,1.0,3.5,6.0,3.0,21,38.095238095238095,0.9059290515018283,-2.5477271827545778,-1.2623376707774248,-0.08700346186854777,-0.08396971704996213,-10.73401397187619,21.952380952380953
2.0,1.0,3.5,8.0,2.0,26,46.15384615384615,0.8280711864852016,-5.229715503649346,-2.6094391078010037,-0.23585920353762177,-0.2091759570469044,-14.762882338296418,15.576923076923077
2.0,1.0,3.5,8.0,3.0,20,40.0,1.0037768929924198,-0.31132510886702214,-0.15337130957078227,0.031588420335393344,0.03105534345013421,-10.10317609608892,24.1
2.0,1.0,5.0,6.0,2.0,27,44.44444444444444,0.7435957186364268,-7.823449109493319,-3.9307512985907955,-0.36624131871700916,-0.32648573915086193,-16.211758358299225,14.407407407407407
2.0,1.0,5.0,6.0,3.0,21,38.095238095238095,0.8157881397223942,-4.562462392794786,-2.2725031450381628,-0.17857991346603394,-0.1739030684338996,-13.019118918752245,21.952380952380953
2.0,1.0,5.0,8.0,2.0,26,46.15384615384615,0.7816036489464009,-6.428879211562776,-3.218010133379934,-0.2877148752620493,-0.25992221874353494,-16.260477803376837,15.576923076923077
2.0,1.0,5.0,8.0,3.0,20,40.0,0.9009036919398069,-2.371162012944117,-1.1743174210678942,-0.06602766657709425,-0.0653798457352064,-12.399069099393472,24.1
2.0,1.5,2.5,4.5,2.0,28,42.857142857142854,0.8586431101433734,-4.699629984252384,-2.34166934777823,-0.2028742410002186,-0.17099831292359274,-13.233677089481324,13.464285714285714
2.0,1.5,2.5,4.5,3.0,23,34.78260869565217,0.9540422456161125,-0.8149153703757905,-0.401975966093826,0.0042547746665266405,0.0039014780333114832,-9.247220252689276,18.956521739130434
2.0,1.5,2.5,6.0,2.0,27,44.44444444444444,0.8489807408846471,-4.9927053867430455,-2.4896210139994324,-0.21957402422085814,-0.18825887298604208,-13.375123699825043,14.407407407407407
2.0,1.5,2.5,6.0,3.0,21,38.095238095238095,0.9345348185526694,-1.073643106036526,-0.5299499090146376,-0.009058744832736542,-0.008515920791551779,-9.196345033878242,21.952380952380953
2.0,1.5,2.5,8.0,2.0,26,46.15384615384615,0.8906754059964747,-3.6364905544740034,-1.8069001388733574,-0.14782508961189603,-0.13037792366892392,-13.412784843215636,15.576923076923077
2.0,1.5,2.5,8.0,3.0,20,45.0,1.0260079134294082,0.8712563922688377,0.42793204579694155,0.09232432284353481,0.0896622895931181,-8.769016921927998,24.1
2.0,1.5,3.5,4.5,2.0,28,42.857142857142854,0.8651788852002215,-4.553109984428827,-2.2677890696186975,-0.18803378253308373,-0.16177134912850338,-12.973761841826184,13.464285714285714
2.0,1.5,3.5,4.5,3.0,23,34.78260869565217,0.9859663688259125,-0.7050432051474598,-0.34768141196106495,0.013321414509309154,0.012518908362455094,-9.227185862729103,18.956521739130434
2.0,1.5,3.5,6.0,2.0,27,44.44444444444444,0.8555290117114863,-4.846301721404423,-2.4156839232337135,-0.20430234055447033,-0.17866356385618337,-13.117074498840994,14.407407407407407
2.0,1.5,3.5,6.0,3.0,21,38.095238095238095,0.9709620061766422,-0.9582921068526873,-0.4728731249728946,0.0007676069917301835,0.0007385643018885346,-9.32928006356029,21.952380952380953
2.0,1.5,3.5,8.0,2.0,26,46.15384615384615,0.9006912262210135,-3.406275415000737,-1.6914949349708497,-0.12973978969200237,-0.11667210014660175,-13.17031517604379,15.576923076923077
2.0,1.5,3.5,8.0,3.0,20,40.0,1.0782064502802098,1.3145795494128754,0.6449571905236873,0.11451257842928046,0.11380841996755618,-8.687246625896144,24.1
2.0,1.5,5.0,6.0,2.0,27,44.44444444444444,0.8122645919111572,-6.0492193643186365,-3.0249080210165924,-0.2559415155706412,-0.2282606645533562,-14.646243019159582,14.407407407407407
2.0,1.5,5.0,6.0,3.0,21,38.095238095238095,0.8807310829827466,-3.0022915171029285,-1.4893177470188923,-0.09263078173797852,-0.09004368592455432,-11.646470490173495,21.952380952380953
2.0,1.5,5.0,8.0,2.0,26,46.15384615384615,0.8545742136057181,-4.626290254204079,-2.304681802396724,-0.18435685132908067,-0.168775422956299,-14.693342656764678,15.576923076923077
2.0,1.5,5.0,8.0,3.0,20,40.0,0.975207515831875,-0.7751747517491747,-0.38233417322670604,0.01457130639887538,0.014581322449164854,-11.015416574924556,24.1
2.0,2.0,2.5,4.5,2.0,28,42.857142857142854,0.7883994527820496,-7.820877946601468,-3.9294322014580274,-0.3368965802297171,-0.2754006159052909,-16.354506412877985,13.464285714285714
2.0,2.0,2.5,4.5,3.0,23,39.130434782608695,0.8768656069891744,-3.0931464051218605,-1.534749529822843,-0.10122926983957325,-0.08992494518013512,-11.903807788970322,18.956521739130434
2.0,2.0,2.5,6.0,2.0,27,44.44444444444444,0.826680432433374,-6.26910664513195,-3.1366984215302485,-0.2617746482069151,-0.21776163857721542,-15.412195334179932,14.407407407407407
2.0,2.0,2.5,6.0,3.0,21,42.857142857142854,0.9227420520126194,-1.4117983151516245,-0.6974673734766568,-0.0189601521183485,-0.017328407041945302,-10.384778754463104,21.952380952380953
2.0,2.0,2.5,8.0,2.0,26,46.15384615384615,0.8625186556340632,-4.929447377613217,-2.4576672267743627,-0.19197512707180994,-0.16196073522523324,-15.44649958127358,15.576923076923077
2.0,2.0,2.5,8.0,3.0,20,45.0,1.0047537233685597,0.5271253047436142,0.2591314604396544,0.07619152430918305,0.07086138280697783,-9.961340837904158,24.1
2.0,2.0,3.5,4.5,2.0,28,42.857142857142854,0.79392564108252,-7.679572735807383,-3.8569663553602362,-0.32096804541310975,-0.2673389412975692,-16.310508348198884,13.464285714285714
2.0,2.0,3.5,4.5,3.0,23,34.78260869565217,0.9074484427306481,-2.9858838374846375,-1.4811154273738802,-0.0893127051656722,-0.08125432621579014,-11.82479732414279,18.956521739130434
2.0,2.0,3.5,6.0,2.0,27,44.44444444444444,0.8325459188993668,-6.125092355123696,-3.063466722347963,-0.2471137875838422,-0.20928873010933868,-15.115268847483254,14.407407407407407
2.0,2.0,3.5,6.0,3.0,21,38.095238095238095,0.9565632585419062,-1.2969461246965075,-0.6405384996283847,-0.009428624786415301,-0.008810994021772774,-10.920485838661605,21.952380952380953
2.0,2.0,3.5,8.0,2.0,26,46.15384615384615,0.8714288753629905,-4.7029077140369075,-2.3433227479122354,-0.1747895787960111,-0.15005241697891353,-15.164760791748892,15.576923076923077
2.0,2.0,3.5,8.0,3.0,20,40.0,1.052835334494019,0.9681502699260935,0.47540692572634047,0.0976008559680764,0.0928216222065904,-10.25573765867525,24.1
2.0,2.0,5.0,6.0,2.0,27,44.44444444444444,0.7937926547921591,-7.3096926495536785,-3.6675461912415663,-0.29458232366855097,-0.2545874968835236,-16.60676920422418,14.407407407407407
2.0,2.0,5.0,6.0,3.0,21,38.095238095238095,0.8731776996803784,-3.330385798877844,-1.6534826254716695,-0.09728541846068559,-0.09215417802902733,-12.798315650923186,21.952380952380953
2.0,2.0,5.0,8.0,2.0,26,46.15384615384615,0.8304025084322747,-5.90436218515088,-2.951335396115362,-0.22425754580484217,-0.19623274470605584,-16.65032275401411,15.576923076923077
2.0,2.0,5.0,8.0,3.0,20,40.0,0.9586542909225894,-1.1108060811252485,-0.5483457030924233,0.005272432663445151,0.005074779979610482,-12.174287875529076,24.1
2.5,1.0,2.5,4.5,3.0,22,50.0,1.1513021394357668,3.637294383574763,1.774222712695117,0.23135917302941303,0.23717066318353913,-10.729949068446347,21.59090909090909
2.5,1.0,2.5,6.0,3.0,20,55.00000000000001,1.2162131677552273,4.5865776800837255,2.2320455279865925,0.27693960437928244,0.2879275765160039,-10.594716078878225,24.3
2.5,1.0,2.5,8.0,3.0,18,55.55555555555556,1.0902709539141484,1.8542811479000942,0.9085138134675486,0.14341894704783156,0.1478562681874744,-10.081799997567527,27.944444444444443
2.5,1.0,3.5,4.5,3.0,22,45.45454545454545,1.173076482728683,3.6455171701238243,1.7781975404720596,0.22538847119088154,0.2328813797102162,-10.09966648180176,21.59090909090909
2.5,1.0,3.5,6.0,3.0,20,50.0,1.245584143592018,4.683299727556034,2.2785742333899517,0.27293521999558035,0.28582073590915447,-9.987720691172303,24.3
2.5,1.0,3.5,8.0,3.0,18,50.0,1.1077788393710817,1.6322263662695624,0.800162160736595,0.13017529807944003,0.13478224446267265,-9.621385531114424,27.944444444444443
2.5,1.0,5.0,6.0,3.0,20,50.0,1.161072805978595,2.848834987493265,1.3923412266377388,0.18246298673293604,0.1911237888657038,-12.291929874089819,24.3
2.5,1.0,5.0,8.0,3.0,18,50.0,0.9961637208716866,-0.47757730400151965,-0.23537346752525723,0.028804373641458596,0.02977503627112669,-11.929583080220922,27.944444444444443
2.5,1.5,2.5,4.5,3.0,22,50.0,1.2184474375287069,5.441759797322554,2.6426817374852085,0.31092601700290173,0.3144737055489791,-9.937573337584581,21.59090909090909
2.5,1.5,2.5,6.0,3.0,20,55.00000000000001,1.2740702172340013,6.111542526000435,2.9631144955539757,0.3441147875853482,0.3593633188015695,-9.804141030457536,24.3
2.5,1.5,2.5,8.0,3.0,18,55.55555555555556,1.1507699157763693,3.1754927439585856,1.5507339774540663,0.20696544927232524,0.21038425970110408,-9.28415012359632,27.944444444444443
2.5,1.5,3.5,4.5,3.0,22,45.45454545454545,1.2395704569820356,5.45021411427995,2.6467328224297315,0.30212108289162154,0.30844279276757475,-9.302764274230862,21.59090909090909
2.5,1.5,3.5,6.0,3.0,20,50.0,1.3040457358228805,6.209597551648782,3.009939019447705,0.3374644893101195,0.3550553979421482,-9.168391463488232,24.3
2.5,1.5,3.5,8.0,3.0,18,50.0,1.1668244855769765,2.951022877239362,1.4419184292222331,0.19169320171060023,0.19603139255999288,-8.641168591468968,27.944444444444443
2.5,1.5,5.0,6.0,3.0,20,50.0,1.2214206127515375,4.351749913439695,2.118989263261506,0.24612192541408767,0.2591891658068293,-11.066730448961016,24.3
2.5,1.5,5.0,8.0,3.0,18,50.0,1.0579595663132464,0.8176162368526585,0.4016401392903379,0.09074268000365274,0.0929204992624411,-10.688284669989756,27.944444444444443
2.5,2.0,2.5,4.5,3.0,22,50.0,1.212723908687293,5.775332011119283,2.8023957944390387,0.31074322786211134,0.31795095377134536,-10.12977674680978,21.59090909090909
2.5,2.0,2.5,6.0,3.0,20,55.00000000000001,1.3964901171208841,8.81723217487047,4.247213528249416,0.4472849593302106,0.46871942530074195,-9.007989321470006,24.3
2.5,2.0,2.5,8.0,3.0,18,55.55555555555556,1.2766087978169531,5.638758934521659,2.7370356988134503,0.31556727623407776,0.3274200054837899,-8.49612287269143,27.944444444444443
2.5,2.0,3.5,4.5,3.0,22,45.45454545454545,1.2344020678440766,5.78390148779957,2.806495479799942,0.3033220272153965,0.3136545909428305,-9.497384597435286,21.59090909090909
2.5,2.0,3.5,6.0,3.0,20,50.0,1.4294315917909068,8.91770857581573,4.294584838796323,0.4376475354148289,0.4622898979083119,-8.36770346119351,24.3
2.5,2.0,3.5,8.0,3.0,18,50.0,1.291955220418573,5.409404884401514,2.627176595929148,0.2971270376786642,0.30989293965876713,-8.286406185125808,27.944444444444443
2.5,2.0,5.0,6.0,3.0,20,50.0,1.3444813545678362,7.015926731628697,3.394158506811462,0.3472974682180399,0.3678313231534017,-10.279602704932179,24.3
2.5,2.0,5.0,8.0,3.0,18,50.0,1.1797205923507654,3.228904613111405,1.5766085714784772,0.19588828628919347,0.20450678911472558,-9.751082614198785,27.944444444444443
